1,Tue Aug 02 09:59:52 UTC 2011,true,1,1,Tue Aug 02 09:59:52 UTC 2011
2,Tue Aug 02 09:59:52 UTC 2011,true,1,2,Tue Aug 02 09:59:52 UTC 2011
3,Tue Aug 02 09:59:52 UTC 2011,true,1,3,Tue Aug 02 09:59:52 UTC 2011
4,Tue Aug 02 09:59:52 UTC 2011,true,1,4,Tue Aug 02 09:59:52 UTC 2011
5,Tue Aug 02 09:59:52 UTC 2011,true,1,5,Tue Aug 02 09:59:52 UTC 2011
6,Tue Aug 02 09:59:52 UTC 2011,true,1,6,Tue Aug 02 09:59:52 UTC 2011
7,Tue Aug 02 09:59:52 UTC 2011,true,1,7,Tue Aug 02 09:59:52 UTC 2011
8,Tue Aug 02 09:59:52 UTC 2011,true,1,8,Tue Aug 02 09:59:52 UTC 2011
9,Tue Aug 02 09:59:52 UTC 2011,true,1,9,Tue Aug 02 09:59:52 UTC 2011
10,Tue Aug 02 09:59:52 UTC 2011,true,1,10,Tue Aug 02 09:59:52 UTC 2011
11,Tue Aug 02 09:59:52 UTC 2011,true,1,11,Tue Aug 02 09:59:52 UTC 2011
12,Tue Aug 02 09:59:52 UTC 2011,true,1,12,Tue Aug 02 09:59:52 UTC 2011
13,Tue Aug 02 09:59:52 UTC 2011,true,1,13,Tue Aug 02 09:59:52 UTC 2011
14,Tue Aug 02 09:59:52 UTC 2011,true,1,14,Tue Aug 02 09:59:52 UTC 2011
15,Tue Aug 02 09:59:52 UTC 2011,true,1,15,Tue Aug 02 09:59:52 UTC 2011
16,Tue Aug 02 09:59:52 UTC 2011,true,1,16,Tue Aug 02 09:59:52 UTC 2011
17,Tue Aug 02 09:59:52 UTC 2011,true,1,17,Tue Aug 02 09:59:52 UTC 2011
18,Tue Aug 02 09:59:52 UTC 2011,true,1,18,Tue Aug 02 09:59:52 UTC 2011
19,Tue Aug 02 09:59:52 UTC 2011,true,1,19,Tue Aug 02 09:59:52 UTC 2011
20,Tue Aug 02 09:59:52 UTC 2011,true,1,20,Tue Aug 02 09:59:52 UTC 2011
21,Tue Aug 02 09:59:52 UTC 2011,true,1,21,Tue Aug 02 09:59:52 UTC 2011
22,Tue Aug 02 09:59:52 UTC 2011,true,1,22,Tue Aug 02 09:59:52 UTC 2011
23,Tue Aug 02 09:59:52 UTC 2011,true,1,23,Tue Aug 02 09:59:52 UTC 2011
24,Tue Aug 02 09:59:52 UTC 2011,true,1,24,Tue Aug 02 09:59:52 UTC 2011
25,Tue Aug 02 09:59:52 UTC 2011,true,1,25,Tue Aug 02 09:59:52 UTC 2011
26,Tue Aug 02 09:59:52 UTC 2011,true,1,26,Tue Aug 02 09:59:52 UTC 2011
27,Tue Aug 02 09:59:52 UTC 2011,true,1,27,Tue Aug 02 09:59:52 UTC 2011
28,Tue Aug 02 09:59:52 UTC 2011,true,1,28,Tue Aug 02 09:59:52 UTC 2011
29,Tue Aug 02 09:59:52 UTC 2011,true,1,29,Tue Aug 02 09:59:52 UTC 2011
30,Tue Aug 02 09:59:52 UTC 2011,true,1,30,Tue Aug 02 09:59:52 UTC 2011
31,Tue Aug 02 09:59:52 UTC 2011,true,1,31,Tue Aug 02 09:59:52 UTC 2011
32,Tue Aug 02 09:59:52 UTC 2011,true,1,32,Tue Aug 02 09:59:52 UTC 2011
33,Tue Aug 02 09:59:52 UTC 2011,true,1,33,Tue Aug 02 09:59:52 UTC 2011
34,Tue Aug 02 09:59:52 UTC 2011,true,1,34,Tue Aug 02 09:59:52 UTC 2011
35,Tue Aug 02 09:59:52 UTC 2011,true,1,35,Tue Aug 02 09:59:52 UTC 2011
36,Tue Aug 02 09:59:52 UTC 2011,true,1,36,Tue Aug 02 09:59:52 UTC 2011
37,Tue Aug 02 09:59:52 UTC 2011,true,1,37,Tue Aug 02 09:59:52 UTC 2011
38,Tue Aug 02 09:59:52 UTC 2011,true,1,38,Tue Aug 02 09:59:52 UTC 2011
39,Tue Aug 02 09:59:52 UTC 2011,true,1,39,Tue Aug 02 09:59:52 UTC 2011
40,Tue Aug 02 09:59:52 UTC 2011,true,1,40,Tue Aug 02 09:59:52 UTC 2011
41,Tue Aug 02 09:59:52 UTC 2011,true,1,41,Tue Aug 02 09:59:52 UTC 2011
42,Tue Aug 02 09:59:52 UTC 2011,true,1,42,Tue Aug 02 09:59:52 UTC 2011
43,Tue Aug 02 09:59:52 UTC 2011,true,1,43,Tue Aug 02 09:59:52 UTC 2011
44,Tue Aug 02 09:59:52 UTC 2011,true,1,44,Tue Aug 02 09:59:52 UTC 2011
45,Tue Aug 02 09:59:52 UTC 2011,true,1,45,Tue Aug 02 09:59:52 UTC 2011
46,Tue Aug 02 09:59:52 UTC 2011,true,1,46,Tue Aug 02 09:59:52 UTC 2011
47,Tue Aug 02 09:59:52 UTC 2011,true,1,47,Tue Aug 02 09:59:52 UTC 2011
48,Tue Aug 02 09:59:52 UTC 2011,true,1,48,Tue Aug 02 09:59:52 UTC 2011
49,Tue Aug 02 09:59:52 UTC 2011,true,1,49,Tue Aug 02 09:59:52 UTC 2011
50,Tue Aug 02 09:59:52 UTC 2011,true,1,50,Tue Aug 02 09:59:52 UTC 2011
51,Tue Aug 02 09:59:52 UTC 2011,true,1,51,Tue Aug 02 09:59:52 UTC 2011
52,Tue Aug 02 09:59:52 UTC 2011,true,1,52,Tue Aug 02 09:59:52 UTC 2011
53,Tue Aug 02 09:59:52 UTC 2011,true,1,53,Tue Aug 02 09:59:52 UTC 2011
54,Tue Aug 02 09:59:52 UTC 2011,true,1,54,Tue Aug 02 09:59:52 UTC 2011
55,Tue Aug 02 09:59:52 UTC 2011,true,1,55,Tue Aug 02 09:59:52 UTC 2011
56,Tue Aug 02 09:59:52 UTC 2011,true,1,56,Tue Aug 02 09:59:52 UTC 2011
57,Tue Aug 02 09:59:52 UTC 2011,true,1,57,Tue Aug 02 09:59:52 UTC 2011
58,Tue Aug 02 09:59:52 UTC 2011,true,1,58,Tue Aug 02 09:59:52 UTC 2011
59,Tue Aug 02 09:59:52 UTC 2011,true,1,59,Tue Aug 02 09:59:52 UTC 2011
60,Tue Aug 02 09:59:52 UTC 2011,true,1,60,Tue Aug 02 09:59:52 UTC 2011
61,Tue Aug 02 09:59:52 UTC 2011,true,1,61,Tue Aug 02 09:59:52 UTC 2011
62,Tue Aug 02 09:59:52 UTC 2011,true,1,62,Tue Aug 02 09:59:52 UTC 2011
63,Tue Aug 02 09:59:52 UTC 2011,true,1,63,Tue Aug 02 09:59:52 UTC 2011
64,Tue Aug 02 09:59:52 UTC 2011,true,1,64,Tue Aug 02 09:59:52 UTC 2011
65,Tue Aug 02 09:59:52 UTC 2011,true,1,65,Tue Aug 02 09:59:52 UTC 2011
66,Tue Aug 02 09:59:52 UTC 2011,true,1,66,Tue Aug 02 09:59:52 UTC 2011
67,Tue Aug 02 09:59:52 UTC 2011,true,1,67,Tue Aug 02 09:59:52 UTC 2011
68,Tue Aug 02 09:59:52 UTC 2011,true,1,68,Tue Aug 02 09:59:52 UTC 2011
69,Tue Aug 02 09:59:52 UTC 2011,true,1,69,Tue Aug 02 09:59:52 UTC 2011
70,Tue Aug 02 09:59:52 UTC 2011,true,1,70,Tue Aug 02 09:59:52 UTC 2011
71,Tue Aug 02 09:59:52 UTC 2011,true,1,71,Tue Aug 02 09:59:52 UTC 2011
72,Tue Aug 02 09:59:52 UTC 2011,true,1,72,Tue Aug 02 09:59:52 UTC 2011
73,Tue Aug 02 09:59:52 UTC 2011,true,1,73,Tue Aug 02 09:59:52 UTC 2011
74,Tue Aug 02 09:59:52 UTC 2011,true,1,74,Tue Aug 02 09:59:52 UTC 2011
75,Tue Aug 02 09:59:52 UTC 2011,true,1,75,Tue Aug 02 09:59:52 UTC 2011
76,Tue Aug 02 09:59:52 UTC 2011,true,1,76,Tue Aug 02 09:59:52 UTC 2011
77,Tue Aug 02 09:59:52 UTC 2011,true,1,77,Tue Aug 02 09:59:52 UTC 2011
78,Tue Aug 02 09:59:52 UTC 2011,true,1,78,Tue Aug 02 09:59:52 UTC 2011
79,Tue Aug 02 09:59:52 UTC 2011,true,1,79,Tue Aug 02 09:59:52 UTC 2011
80,Tue Aug 02 09:59:52 UTC 2011,true,1,80,Tue Aug 02 09:59:52 UTC 2011
81,Tue Aug 02 09:59:52 UTC 2011,true,1,81,Tue Aug 02 09:59:52 UTC 2011
82,Tue Aug 02 09:59:52 UTC 2011,true,1,82,Tue Aug 02 09:59:52 UTC 2011
83,Tue Aug 02 09:59:52 UTC 2011,true,1,83,Tue Aug 02 09:59:52 UTC 2011
84,Tue Aug 02 09:59:52 UTC 2011,true,1,84,Tue Aug 02 09:59:52 UTC 2011
85,Tue Aug 02 09:59:52 UTC 2011,true,1,85,Tue Aug 02 09:59:52 UTC 2011
86,Tue Aug 02 09:59:52 UTC 2011,true,1,86,Tue Aug 02 09:59:52 UTC 2011
87,Tue Aug 02 09:59:52 UTC 2011,true,1,87,Tue Aug 02 09:59:52 UTC 2011
88,Tue Aug 02 09:59:52 UTC 2011,true,1,88,Tue Aug 02 09:59:52 UTC 2011
89,Tue Aug 02 09:59:52 UTC 2011,true,1,89,Tue Aug 02 09:59:52 UTC 2011
90,Tue Aug 02 09:59:52 UTC 2011,true,1,90,Tue Aug 02 09:59:52 UTC 2011
91,Tue Aug 02 09:59:52 UTC 2011,true,1,91,Tue Aug 02 09:59:52 UTC 2011
92,Tue Aug 02 09:59:52 UTC 2011,true,1,92,Tue Aug 02 09:59:52 UTC 2011
93,Tue Aug 02 09:59:52 UTC 2011,true,1,93,Tue Aug 02 09:59:52 UTC 2011
94,Tue Aug 02 09:59:52 UTC 2011,true,1,94,Tue Aug 02 09:59:52 UTC 2011
95,Tue Aug 02 09:59:52 UTC 2011,true,1,95,Tue Aug 02 09:59:52 UTC 2011
96,Tue Aug 02 09:59:52 UTC 2011,true,1,96,Tue Aug 02 09:59:52 UTC 2011
97,Tue Aug 02 09:59:52 UTC 2011,true,1,97,Tue Aug 02 09:59:52 UTC 2011
98,Tue Aug 02 09:59:52 UTC 2011,true,1,98,Tue Aug 02 09:59:52 UTC 2011
99,Tue Aug 02 09:59:52 UTC 2011,true,1,99,Tue Aug 02 09:59:52 UTC 2011
100,Tue Aug 02 09:59:52 UTC 2011,true,1,100,Tue Aug 02 09:59:52 UTC 2011
101,Tue Aug 02 09:59:52 UTC 2011,true,1,101,Tue Aug 02 09:59:52 UTC 2011
102,Tue Aug 02 09:59:52 UTC 2011,true,1,102,Tue Aug 02 09:59:52 UTC 2011
103,Tue Aug 02 09:59:52 UTC 2011,true,1,103,Tue Aug 02 09:59:52 UTC 2011
104,Tue Aug 02 09:59:52 UTC 2011,true,1,104,Tue Aug 02 09:59:52 UTC 2011
105,Tue Aug 02 09:59:52 UTC 2011,true,1,105,Tue Aug 02 09:59:52 UTC 2011
106,Tue Aug 02 09:59:52 UTC 2011,true,1,106,Tue Aug 02 09:59:52 UTC 2011
107,Tue Aug 02 09:59:52 UTC 2011,true,1,107,Tue Aug 02 09:59:52 UTC 2011
108,Tue Aug 02 09:59:52 UTC 2011,true,1,108,Tue Aug 02 09:59:52 UTC 2011
109,Tue Aug 02 09:59:52 UTC 2011,true,1,109,Tue Aug 02 09:59:52 UTC 2011
110,Tue Aug 02 09:59:52 UTC 2011,true,1,110,Tue Aug 02 09:59:52 UTC 2011
111,Tue Aug 02 09:59:52 UTC 2011,true,1,111,Tue Aug 02 09:59:52 UTC 2011
112,Tue Aug 02 09:59:52 UTC 2011,true,1,112,Tue Aug 02 09:59:52 UTC 2011
113,Tue Aug 02 09:59:52 UTC 2011,true,1,113,Tue Aug 02 09:59:52 UTC 2011
114,Tue Aug 02 09:59:52 UTC 2011,true,1,114,Tue Aug 02 09:59:52 UTC 2011
115,Tue Aug 02 09:59:52 UTC 2011,true,1,115,Tue Aug 02 09:59:52 UTC 2011
116,Tue Aug 02 09:59:52 UTC 2011,true,1,116,Tue Aug 02 09:59:52 UTC 2011
117,Tue Aug 02 09:59:52 UTC 2011,true,1,117,Tue Aug 02 09:59:52 UTC 2011
118,Tue Aug 02 09:59:52 UTC 2011,true,1,118,Tue Aug 02 09:59:52 UTC 2011
119,Tue Aug 02 09:59:52 UTC 2011,true,1,119,Tue Aug 02 09:59:52 UTC 2011
120,Tue Aug 02 09:59:52 UTC 2011,true,1,120,Tue Aug 02 09:59:52 UTC 2011
121,Tue Aug 02 09:59:52 UTC 2011,true,1,121,Tue Aug 02 09:59:52 UTC 2011
122,Tue Aug 02 09:59:52 UTC 2011,true,1,122,Tue Aug 02 09:59:52 UTC 2011
123,Tue Aug 02 09:59:52 UTC 2011,true,1,123,Tue Aug 02 09:59:52 UTC 2011
124,Tue Aug 02 09:59:52 UTC 2011,true,1,124,Tue Aug 02 09:59:52 UTC 2011
125,Tue Aug 02 09:59:52 UTC 2011,true,1,125,Tue Aug 02 09:59:52 UTC 2011
126,Tue Aug 02 09:59:52 UTC 2011,true,1,126,Tue Aug 02 09:59:52 UTC 2011
127,Tue Aug 02 09:59:52 UTC 2011,true,1,127,Tue Aug 02 09:59:52 UTC 2011
128,Tue Aug 02 09:59:52 UTC 2011,true,1,128,Tue Aug 02 09:59:52 UTC 2011
129,Tue Aug 02 09:59:52 UTC 2011,true,1,129,Tue Aug 02 09:59:52 UTC 2011
130,Tue Aug 02 09:59:52 UTC 2011,true,1,130,Tue Aug 02 09:59:52 UTC 2011
131,Tue Aug 02 09:59:52 UTC 2011,true,1,131,Tue Aug 02 09:59:52 UTC 2011
132,Tue Aug 02 09:59:52 UTC 2011,true,1,132,Tue Aug 02 09:59:52 UTC 2011
133,Tue Aug 02 09:59:52 UTC 2011,true,1,133,Tue Aug 02 09:59:52 UTC 2011
134,Tue Aug 02 09:59:52 UTC 2011,true,1,134,Tue Aug 02 09:59:52 UTC 2011
135,Tue Aug 02 09:59:52 UTC 2011,true,1,135,Tue Aug 02 09:59:52 UTC 2011
136,Tue Aug 02 09:59:52 UTC 2011,true,1,136,Tue Aug 02 09:59:52 UTC 2011
137,Tue Aug 02 09:59:52 UTC 2011,true,1,137,Tue Aug 02 09:59:52 UTC 2011
138,Tue Aug 02 09:59:52 UTC 2011,true,1,138,Tue Aug 02 09:59:52 UTC 2011
139,Tue Aug 02 09:59:52 UTC 2011,true,1,139,Tue Aug 02 09:59:52 UTC 2011
140,Tue Aug 02 09:59:52 UTC 2011,true,1,140,Tue Aug 02 09:59:52 UTC 2011
141,Tue Aug 02 09:59:52 UTC 2011,true,1,141,Tue Aug 02 09:59:52 UTC 2011
142,Tue Aug 02 09:59:52 UTC 2011,true,1,142,Tue Aug 02 09:59:52 UTC 2011
143,Tue Aug 02 09:59:52 UTC 2011,true,1,143,Tue Aug 02 09:59:52 UTC 2011
144,Tue Aug 02 09:59:52 UTC 2011,true,1,144,Tue Aug 02 09:59:52 UTC 2011
145,Tue Aug 02 09:59:52 UTC 2011,true,1,145,Tue Aug 02 09:59:52 UTC 2011
146,Tue Aug 02 09:59:52 UTC 2011,true,1,146,Tue Aug 02 09:59:52 UTC 2011
147,Tue Aug 02 09:59:52 UTC 2011,true,1,147,Tue Aug 02 09:59:52 UTC 2011
148,Tue Aug 02 09:59:52 UTC 2011,true,1,148,Tue Aug 02 09:59:52 UTC 2011
149,Tue Aug 02 09:59:52 UTC 2011,true,1,149,Tue Aug 02 09:59:52 UTC 2011
150,Tue Aug 02 09:59:52 UTC 2011,true,1,150,Tue Aug 02 09:59:52 UTC 2011
151,Tue Aug 02 09:59:52 UTC 2011,true,1,151,Tue Aug 02 09:59:52 UTC 2011
152,Tue Aug 02 09:59:52 UTC 2011,true,1,152,Tue Aug 02 09:59:52 UTC 2011
153,Tue Aug 02 09:59:52 UTC 2011,true,1,153,Tue Aug 02 09:59:52 UTC 2011
154,Tue Aug 02 09:59:52 UTC 2011,true,1,154,Tue Aug 02 09:59:52 UTC 2011
155,Tue Aug 02 09:59:52 UTC 2011,true,1,155,Tue Aug 02 09:59:52 UTC 2011
156,Tue Aug 02 09:59:52 UTC 2011,true,1,156,Tue Aug 02 09:59:52 UTC 2011
157,Tue Aug 02 09:59:52 UTC 2011,true,1,157,Tue Aug 02 09:59:52 UTC 2011
158,Tue Aug 02 09:59:52 UTC 2011,true,1,158,Tue Aug 02 09:59:52 UTC 2011
159,Tue Aug 02 09:59:52 UTC 2011,true,1,159,Tue Aug 02 09:59:52 UTC 2011
160,Tue Aug 02 09:59:52 UTC 2011,true,1,160,Tue Aug 02 09:59:52 UTC 2011
161,Tue Aug 02 09:59:52 UTC 2011,true,1,161,Tue Aug 02 09:59:52 UTC 2011
162,Tue Aug 02 09:59:52 UTC 2011,true,1,162,Tue Aug 02 09:59:52 UTC 2011
163,Tue Aug 02 09:59:52 UTC 2011,true,1,163,Tue Aug 02 09:59:52 UTC 2011
164,Tue Aug 02 09:59:52 UTC 2011,true,1,164,Tue Aug 02 09:59:52 UTC 2011
165,Tue Aug 02 09:59:52 UTC 2011,true,1,165,Tue Aug 02 09:59:52 UTC 2011
166,Tue Aug 02 09:59:52 UTC 2011,true,1,166,Tue Aug 02 09:59:52 UTC 2011
167,Tue Aug 02 09:59:52 UTC 2011,true,1,167,Tue Aug 02 09:59:52 UTC 2011
168,Tue Aug 02 09:59:52 UTC 2011,true,1,168,Tue Aug 02 09:59:52 UTC 2011
169,Tue Aug 02 09:59:52 UTC 2011,true,1,169,Tue Aug 02 09:59:52 UTC 2011
170,Tue Aug 02 09:59:52 UTC 2011,true,1,170,Tue Aug 02 09:59:52 UTC 2011
171,Tue Aug 02 09:59:52 UTC 2011,true,1,171,Tue Aug 02 09:59:52 UTC 2011
172,Tue Aug 02 09:59:52 UTC 2011,true,1,172,Tue Aug 02 09:59:52 UTC 2011
173,Tue Aug 02 09:59:52 UTC 2011,true,2,1,Tue Aug 02 09:59:52 UTC 2011
174,Tue Aug 02 09:59:52 UTC 2011,true,2,2,Tue Aug 02 09:59:52 UTC 2011
175,Tue Aug 02 09:59:52 UTC 2011,true,2,3,Tue Aug 02 09:59:52 UTC 2011
176,Tue Aug 02 09:59:52 UTC 2011,true,2,4,Tue Aug 02 09:59:52 UTC 2011
177,Tue Aug 02 09:59:52 UTC 2011,true,2,5,Tue Aug 02 09:59:52 UTC 2011
178,Tue Aug 02 09:59:52 UTC 2011,true,2,6,Tue Aug 02 09:59:52 UTC 2011
179,Tue Aug 02 09:59:52 UTC 2011,true,2,7,Tue Aug 02 09:59:52 UTC 2011
180,Tue Aug 02 09:59:52 UTC 2011,true,2,8,Tue Aug 02 09:59:52 UTC 2011
181,Tue Aug 02 09:59:52 UTC 2011,true,2,9,Tue Aug 02 09:59:52 UTC 2011
182,Tue Aug 02 09:59:52 UTC 2011,true,2,10,Tue Aug 02 09:59:52 UTC 2011
183,Tue Aug 02 09:59:52 UTC 2011,true,2,11,Tue Aug 02 09:59:52 UTC 2011
184,Tue Aug 02 09:59:52 UTC 2011,true,2,12,Tue Aug 02 09:59:52 UTC 2011
185,Tue Aug 02 09:59:52 UTC 2011,true,2,13,Tue Aug 02 09:59:52 UTC 2011
186,Tue Aug 02 09:59:52 UTC 2011,true,2,14,Tue Aug 02 09:59:52 UTC 2011
187,Tue Aug 02 09:59:52 UTC 2011,true,2,15,Tue Aug 02 09:59:52 UTC 2011
188,Tue Aug 02 09:59:52 UTC 2011,true,2,16,Tue Aug 02 09:59:52 UTC 2011
189,Tue Aug 02 09:59:52 UTC 2011,true,2,17,Tue Aug 02 09:59:52 UTC 2011
190,Tue Aug 02 09:59:52 UTC 2011,true,2,18,Tue Aug 02 09:59:52 UTC 2011
191,Tue Aug 02 09:59:52 UTC 2011,true,2,19,Tue Aug 02 09:59:52 UTC 2011
192,Tue Aug 02 09:59:52 UTC 2011,true,2,20,Tue Aug 02 09:59:52 UTC 2011
193,Tue Aug 02 09:59:52 UTC 2011,true,2,21,Tue Aug 02 09:59:52 UTC 2011
194,Tue Aug 02 09:59:53 UTC 2011,true,2,22,Tue Aug 02 09:59:53 UTC 2011
195,Tue Aug 02 09:59:53 UTC 2011,true,2,23,Tue Aug 02 09:59:53 UTC 2011
196,Tue Aug 02 09:59:53 UTC 2011,true,2,24,Tue Aug 02 09:59:53 UTC 2011
197,Tue Aug 02 09:59:53 UTC 2011,true,2,25,Tue Aug 02 09:59:53 UTC 2011
198,Tue Aug 02 09:59:53 UTC 2011,true,2,26,Tue Aug 02 09:59:53 UTC 2011
199,Tue Aug 02 09:59:53 UTC 2011,true,2,27,Tue Aug 02 09:59:53 UTC 2011
200,Tue Aug 02 09:59:53 UTC 2011,true,2,28,Tue Aug 02 09:59:53 UTC 2011
201,Tue Aug 02 09:59:53 UTC 2011,true,2,29,Tue Aug 02 09:59:53 UTC 2011
202,Tue Aug 02 09:59:53 UTC 2011,true,2,30,Tue Aug 02 09:59:53 UTC 2011
203,Tue Aug 02 09:59:53 UTC 2011,true,2,31,Tue Aug 02 09:59:53 UTC 2011
204,Tue Aug 02 09:59:53 UTC 2011,true,2,32,Tue Aug 02 09:59:53 UTC 2011
205,Tue Aug 02 09:59:53 UTC 2011,true,2,33,Tue Aug 02 09:59:53 UTC 2011
206,Tue Aug 02 09:59:53 UTC 2011,true,2,34,Tue Aug 02 09:59:53 UTC 2011
207,Tue Aug 02 09:59:53 UTC 2011,true,2,35,Tue Aug 02 09:59:53 UTC 2011
208,Tue Aug 02 09:59:53 UTC 2011,true,2,36,Tue Aug 02 09:59:53 UTC 2011
209,Tue Aug 02 09:59:53 UTC 2011,true,2,37,Tue Aug 02 09:59:53 UTC 2011
210,Tue Aug 02 09:59:53 UTC 2011,true,2,38,Tue Aug 02 09:59:53 UTC 2011
211,Tue Aug 02 09:59:53 UTC 2011,true,2,39,Tue Aug 02 09:59:53 UTC 2011
212,Tue Aug 02 09:59:53 UTC 2011,true,2,40,Tue Aug 02 09:59:53 UTC 2011
213,Tue Aug 02 09:59:53 UTC 2011,true,2,41,Tue Aug 02 09:59:53 UTC 2011
214,Tue Aug 02 09:59:53 UTC 2011,true,2,42,Tue Aug 02 09:59:53 UTC 2011
215,Tue Aug 02 09:59:53 UTC 2011,true,2,43,Tue Aug 02 09:59:53 UTC 2011
216,Tue Aug 02 09:59:53 UTC 2011,true,2,44,Tue Aug 02 09:59:53 UTC 2011
217,Tue Aug 02 09:59:53 UTC 2011,true,2,45,Tue Aug 02 09:59:53 UTC 2011
218,Tue Aug 02 09:59:53 UTC 2011,true,2,46,Tue Aug 02 09:59:53 UTC 2011
219,Tue Aug 02 09:59:53 UTC 2011,true,2,47,Tue Aug 02 09:59:53 UTC 2011
220,Tue Aug 02 09:59:53 UTC 2011,true,2,48,Tue Aug 02 09:59:53 UTC 2011
221,Tue Aug 02 09:59:53 UTC 2011,true,2,49,Tue Aug 02 09:59:53 UTC 2011
222,Tue Aug 02 09:59:53 UTC 2011,true,2,50,Tue Aug 02 09:59:53 UTC 2011
223,Tue Aug 02 09:59:53 UTC 2011,true,2,51,Tue Aug 02 09:59:53 UTC 2011
224,Tue Aug 02 09:59:53 UTC 2011,true,2,52,Tue Aug 02 09:59:53 UTC 2011
225,Tue Aug 02 09:59:53 UTC 2011,true,2,53,Tue Aug 02 09:59:53 UTC 2011
226,Tue Aug 02 09:59:53 UTC 2011,true,2,54,Tue Aug 02 09:59:53 UTC 2011
227,Tue Aug 02 09:59:53 UTC 2011,false,2,55,Tue Aug 02 10:24:33 UTC 2011
228,Tue Aug 02 09:59:53 UTC 2011,true,2,56,Tue Aug 02 09:59:53 UTC 2011
229,Tue Aug 02 09:59:53 UTC 2011,true,2,57,Tue Aug 02 09:59:53 UTC 2011
230,Tue Aug 02 09:59:53 UTC 2011,true,2,58,Tue Aug 02 09:59:53 UTC 2011
231,Tue Aug 02 09:59:53 UTC 2011,false,2,59,Tue Aug 02 10:24:33 UTC 2011
232,Tue Aug 02 09:59:53 UTC 2011,false,2,60,Tue Aug 02 10:24:33 UTC 2011
233,Tue Aug 02 09:59:53 UTC 2011,true,2,61,Tue Aug 02 09:59:53 UTC 2011
234,Tue Aug 02 09:59:53 UTC 2011,false,2,62,Tue Aug 02 10:24:33 UTC 2011
235,Tue Aug 02 09:59:53 UTC 2011,true,2,63,Tue Aug 02 09:59:53 UTC 2011
236,Tue Aug 02 09:59:53 UTC 2011,true,2,64,Tue Aug 02 09:59:53 UTC 2011
237,Tue Aug 02 09:59:53 UTC 2011,true,2,65,Tue Aug 02 09:59:53 UTC 2011
238,Tue Aug 02 09:59:53 UTC 2011,true,2,66,Tue Aug 02 09:59:53 UTC 2011
239,Tue Aug 02 09:59:53 UTC 2011,true,2,67,Tue Aug 02 09:59:53 UTC 2011
240,Tue Aug 02 09:59:53 UTC 2011,true,2,68,Tue Aug 02 09:59:53 UTC 2011
241,Tue Aug 02 09:59:53 UTC 2011,true,2,69,Tue Aug 02 09:59:53 UTC 2011
242,Tue Aug 02 09:59:53 UTC 2011,true,2,70,Tue Aug 02 09:59:53 UTC 2011
243,Tue Aug 02 09:59:53 UTC 2011,true,2,71,Tue Aug 02 09:59:53 UTC 2011
244,Tue Aug 02 09:59:53 UTC 2011,true,2,72,Tue Aug 02 09:59:53 UTC 2011
245,Tue Aug 02 09:59:53 UTC 2011,true,2,73,Tue Aug 02 09:59:53 UTC 2011
246,Tue Aug 02 09:59:53 UTC 2011,true,2,74,Tue Aug 02 09:59:53 UTC 2011
247,Tue Aug 02 09:59:53 UTC 2011,true,2,75,Tue Aug 02 09:59:53 UTC 2011
248,Tue Aug 02 09:59:53 UTC 2011,true,2,76,Tue Aug 02 09:59:53 UTC 2011
249,Tue Aug 02 09:59:53 UTC 2011,true,2,77,Tue Aug 02 09:59:53 UTC 2011
250,Tue Aug 02 09:59:53 UTC 2011,true,2,78,Tue Aug 02 09:59:53 UTC 2011
251,Tue Aug 02 09:59:53 UTC 2011,true,2,79,Tue Aug 02 09:59:53 UTC 2011
252,Tue Aug 02 09:59:53 UTC 2011,true,2,80,Tue Aug 02 09:59:53 UTC 2011
253,Tue Aug 02 09:59:53 UTC 2011,true,2,81,Tue Aug 02 09:59:53 UTC 2011
254,Tue Aug 02 09:59:53 UTC 2011,true,2,82,Tue Aug 02 09:59:53 UTC 2011
255,Tue Aug 02 09:59:53 UTC 2011,true,2,83,Tue Aug 02 09:59:53 UTC 2011
256,Tue Aug 02 09:59:53 UTC 2011,true,2,84,Tue Aug 02 09:59:53 UTC 2011
257,Tue Aug 02 09:59:53 UTC 2011,true,2,85,Tue Aug 02 09:59:53 UTC 2011
258,Tue Aug 02 09:59:53 UTC 2011,true,2,86,Tue Aug 02 09:59:53 UTC 2011
259,Tue Aug 02 09:59:53 UTC 2011,true,2,87,Tue Aug 02 09:59:53 UTC 2011
260,Tue Aug 02 09:59:53 UTC 2011,true,2,88,Tue Aug 02 09:59:53 UTC 2011
261,Tue Aug 02 09:59:53 UTC 2011,true,2,89,Tue Aug 02 09:59:53 UTC 2011
262,Tue Aug 02 09:59:53 UTC 2011,true,2,90,Tue Aug 02 09:59:53 UTC 2011
263,Tue Aug 02 09:59:53 UTC 2011,true,2,91,Tue Aug 02 09:59:53 UTC 2011
264,Tue Aug 02 09:59:53 UTC 2011,true,2,92,Tue Aug 02 09:59:53 UTC 2011
265,Tue Aug 02 09:59:53 UTC 2011,true,2,93,Tue Aug 02 09:59:53 UTC 2011
266,Tue Aug 02 09:59:53 UTC 2011,true,2,94,Tue Aug 02 09:59:53 UTC 2011
267,Tue Aug 02 09:59:53 UTC 2011,true,2,95,Tue Aug 02 09:59:53 UTC 2011
268,Tue Aug 02 09:59:53 UTC 2011,true,2,96,Tue Aug 02 09:59:53 UTC 2011
269,Tue Aug 02 09:59:53 UTC 2011,true,2,97,Tue Aug 02 09:59:53 UTC 2011
270,Tue Aug 02 09:59:53 UTC 2011,true,2,98,Tue Aug 02 09:59:53 UTC 2011
271,Tue Aug 02 09:59:53 UTC 2011,true,2,99,Tue Aug 02 09:59:53 UTC 2011
272,Tue Aug 02 09:59:53 UTC 2011,true,2,100,Tue Aug 02 09:59:53 UTC 2011
273,Tue Aug 02 09:59:53 UTC 2011,true,2,101,Tue Aug 02 09:59:53 UTC 2011
274,Tue Aug 02 09:59:53 UTC 2011,true,2,102,Tue Aug 02 09:59:53 UTC 2011
275,Tue Aug 02 09:59:53 UTC 2011,true,2,103,Tue Aug 02 09:59:53 UTC 2011
276,Tue Aug 02 09:59:53 UTC 2011,true,2,104,Tue Aug 02 09:59:53 UTC 2011
277,Tue Aug 02 09:59:53 UTC 2011,true,2,105,Tue Aug 02 09:59:53 UTC 2011
278,Tue Aug 02 09:59:53 UTC 2011,true,2,106,Tue Aug 02 09:59:53 UTC 2011
279,Tue Aug 02 09:59:53 UTC 2011,true,2,107,Tue Aug 02 09:59:53 UTC 2011
280,Tue Aug 02 09:59:53 UTC 2011,true,2,108,Tue Aug 02 09:59:53 UTC 2011
281,Tue Aug 02 09:59:53 UTC 2011,true,2,109,Tue Aug 02 09:59:53 UTC 2011
282,Tue Aug 02 09:59:53 UTC 2011,true,2,110,Tue Aug 02 09:59:53 UTC 2011
283,Tue Aug 02 09:59:53 UTC 2011,true,2,111,Tue Aug 02 09:59:53 UTC 2011
284,Tue Aug 02 09:59:53 UTC 2011,true,2,112,Tue Aug 02 09:59:53 UTC 2011
285,Tue Aug 02 09:59:53 UTC 2011,true,2,113,Tue Aug 02 09:59:53 UTC 2011
286,Tue Aug 02 09:59:53 UTC 2011,true,2,114,Tue Aug 02 09:59:53 UTC 2011
287,Tue Aug 02 09:59:53 UTC 2011,true,2,115,Tue Aug 02 09:59:53 UTC 2011
288,Tue Aug 02 09:59:53 UTC 2011,true,2,116,Tue Aug 02 09:59:53 UTC 2011
289,Tue Aug 02 09:59:53 UTC 2011,true,2,117,Tue Aug 02 09:59:53 UTC 2011
290,Tue Aug 02 09:59:53 UTC 2011,true,2,118,Tue Aug 02 09:59:53 UTC 2011
291,Tue Aug 02 09:59:53 UTC 2011,true,2,119,Tue Aug 02 09:59:53 UTC 2011
292,Tue Aug 02 09:59:53 UTC 2011,true,2,120,Tue Aug 02 09:59:53 UTC 2011
293,Tue Aug 02 09:59:53 UTC 2011,true,2,121,Tue Aug 02 09:59:53 UTC 2011
294,Tue Aug 02 09:59:53 UTC 2011,true,2,122,Tue Aug 02 09:59:53 UTC 2011
295,Tue Aug 02 09:59:53 UTC 2011,true,2,123,Tue Aug 02 09:59:53 UTC 2011
296,Tue Aug 02 09:59:53 UTC 2011,true,2,124,Tue Aug 02 09:59:53 UTC 2011
297,Tue Aug 02 09:59:53 UTC 2011,true,2,125,Tue Aug 02 09:59:53 UTC 2011
298,Tue Aug 02 09:59:53 UTC 2011,true,2,126,Tue Aug 02 09:59:53 UTC 2011
299,Tue Aug 02 09:59:53 UTC 2011,true,2,127,Tue Aug 02 09:59:53 UTC 2011
300,Tue Aug 02 09:59:53 UTC 2011,true,2,128,Tue Aug 02 09:59:53 UTC 2011
301,Tue Aug 02 09:59:53 UTC 2011,true,2,129,Tue Aug 02 09:59:53 UTC 2011
302,Tue Aug 02 09:59:53 UTC 2011,true,2,130,Tue Aug 02 09:59:53 UTC 2011
303,Tue Aug 02 09:59:53 UTC 2011,true,2,131,Tue Aug 02 09:59:53 UTC 2011
304,Tue Aug 02 09:59:53 UTC 2011,true,2,132,Tue Aug 02 09:59:53 UTC 2011
305,Tue Aug 02 09:59:53 UTC 2011,true,2,133,Tue Aug 02 09:59:53 UTC 2011
306,Tue Aug 02 09:59:53 UTC 2011,true,2,134,Tue Aug 02 09:59:53 UTC 2011
307,Tue Aug 02 09:59:53 UTC 2011,true,2,135,Tue Aug 02 09:59:53 UTC 2011
308,Tue Aug 02 09:59:53 UTC 2011,true,2,136,Tue Aug 02 09:59:53 UTC 2011
309,Tue Aug 02 09:59:53 UTC 2011,true,2,137,Tue Aug 02 09:59:53 UTC 2011
310,Tue Aug 02 09:59:53 UTC 2011,true,2,138,Tue Aug 02 09:59:53 UTC 2011
311,Tue Aug 02 09:59:53 UTC 2011,true,2,139,Tue Aug 02 09:59:53 UTC 2011
312,Tue Aug 02 09:59:53 UTC 2011,true,2,140,Tue Aug 02 09:59:53 UTC 2011
313,Tue Aug 02 09:59:53 UTC 2011,true,2,141,Tue Aug 02 09:59:53 UTC 2011
314,Tue Aug 02 09:59:53 UTC 2011,true,2,142,Tue Aug 02 09:59:53 UTC 2011
315,Tue Aug 02 09:59:53 UTC 2011,true,2,143,Tue Aug 02 09:59:53 UTC 2011
316,Tue Aug 02 09:59:53 UTC 2011,true,2,144,Tue Aug 02 09:59:53 UTC 2011
317,Tue Aug 02 09:59:53 UTC 2011,true,2,145,Tue Aug 02 09:59:53 UTC 2011
318,Tue Aug 02 09:59:53 UTC 2011,true,2,146,Tue Aug 02 09:59:53 UTC 2011
319,Tue Aug 02 09:59:53 UTC 2011,true,2,147,Tue Aug 02 09:59:53 UTC 2011
320,Tue Aug 02 09:59:53 UTC 2011,true,2,148,Tue Aug 02 09:59:53 UTC 2011
321,Tue Aug 02 09:59:53 UTC 2011,true,2,149,Tue Aug 02 09:59:53 UTC 2011
322,Tue Aug 02 09:59:53 UTC 2011,true,2,150,Tue Aug 02 09:59:53 UTC 2011
323,Tue Aug 02 09:59:53 UTC 2011,true,2,151,Tue Aug 02 09:59:53 UTC 2011
324,Tue Aug 02 09:59:53 UTC 2011,true,2,152,Tue Aug 02 09:59:53 UTC 2011
325,Tue Aug 02 09:59:53 UTC 2011,true,2,153,Tue Aug 02 09:59:53 UTC 2011
326,Tue Aug 02 09:59:53 UTC 2011,true,2,154,Tue Aug 02 09:59:53 UTC 2011
327,Tue Aug 02 09:59:53 UTC 2011,true,2,155,Tue Aug 02 09:59:53 UTC 2011
328,Tue Aug 02 09:59:53 UTC 2011,true,2,156,Tue Aug 02 09:59:53 UTC 2011
329,Tue Aug 02 09:59:53 UTC 2011,true,2,157,Tue Aug 02 09:59:53 UTC 2011
330,Tue Aug 02 09:59:53 UTC 2011,true,2,158,Tue Aug 02 09:59:53 UTC 2011
331,Tue Aug 02 09:59:53 UTC 2011,true,2,159,Tue Aug 02 09:59:53 UTC 2011
332,Tue Aug 02 09:59:53 UTC 2011,true,2,160,Tue Aug 02 09:59:53 UTC 2011
333,Tue Aug 02 09:59:53 UTC 2011,true,2,161,Tue Aug 02 09:59:53 UTC 2011
334,Tue Aug 02 09:59:53 UTC 2011,true,2,162,Tue Aug 02 09:59:53 UTC 2011
335,Tue Aug 02 09:59:53 UTC 2011,true,2,163,Tue Aug 02 09:59:53 UTC 2011
336,Tue Aug 02 09:59:53 UTC 2011,true,2,164,Tue Aug 02 09:59:53 UTC 2011
337,Tue Aug 02 09:59:53 UTC 2011,true,2,165,Tue Aug 02 09:59:53 UTC 2011
338,Tue Aug 02 09:59:53 UTC 2011,true,2,166,Tue Aug 02 09:59:53 UTC 2011
339,Tue Aug 02 09:59:53 UTC 2011,true,2,167,Tue Aug 02 09:59:53 UTC 2011
340,Tue Aug 02 09:59:53 UTC 2011,true,2,168,Tue Aug 02 09:59:53 UTC 2011
341,Tue Aug 02 09:59:53 UTC 2011,true,2,169,Tue Aug 02 09:59:53 UTC 2011
342,Tue Aug 02 09:59:53 UTC 2011,true,2,170,Tue Aug 02 09:59:53 UTC 2011
343,Tue Aug 02 09:59:53 UTC 2011,true,2,171,Tue Aug 02 09:59:53 UTC 2011
344,Tue Aug 02 09:59:53 UTC 2011,true,2,172,Tue Aug 02 09:59:53 UTC 2011
